DataHora,Satelite,Pais,Estado,Municipio,Bioma,DiaSemChuva,Precipitacao,RiscoFogo,Latitude,Longitude,FRP
2024/11/05 16:47:00,AQUA_M-T,Brasil,BAHIA,ENCRUZILHADA,Mata Atlântica,3,0.1,0.93,-15.68837,-41.2586,32.2
2024/11/05 16:47:00,AQUA_M-T,Brasil,BAHIA,CRUZ DAS ALMAS,Mata Atlântica,5,0.0,1.0,-12.70236,-39.07716,13.0
2024/11/05 16:49:00,AQUA_M-T,Brasil,RIO GRANDE DO NORTE,TENENTE ANANIAS,Caatinga,120,0.0,1.0,-6.44345,-38.24058,15.5
2024/11/05 16:49:00,AQUA_M-T,Brasil,CEARÁ,QUIXADÁ,Caatinga,115,0.0,1.0,-5.09374,-38.84528,34.4
2024/11/05 16:49:00,AQUA_M-T,Brasil,RIO GRANDE DO NORTE,CARNAUBAIS,Caatinga,5,0.0,1.0,-5.24267,-36.86996,8.1
2024/11/05 16:49:00,AQUA_M-T,Brasil,PARAÍBA,ALAGOINHA,Caatinga,5,0.0,1.0,-6.93488,-35.56749,11.3
2024/11/05 16:49:00,AQUA_M-T,Brasil,CEARÁ,CANINDÉ,Caatinga,115,0.0,1.0,-4.47427,-39.4468,11.0
2024/11/05 16:49:00,AQUA_M-T,Brasil,CEARÁ,SÃO BENEDITO,Caatinga,18,0.0,1.0,-4.0281,-40.97568,23.0
2024/11/05 16:49:00,AQUA_M-T,Brasil,CEARÁ,MORADA NOVA,Caatinga,118,0.0,1.0,-5.0171,-38.31111,28.0
2024/11/05 16:49:00,AQUA_M-T,Brasil,MARANHÃO,TUTÓIA,Cerrado,-999,0.0,1.0,-2.82353,-42.34611,6.0
2024/11/05 16:49:00,AQUA_M-T,Brasil,SERGIPE,JAPARATUBA,Mata Atlântica,-999,0.0,1.0,-10.54277,-36.85739,6.8
2024/11/05 16:49:00,AQUA_M-T,Brasil,PIAUÍ,JARDIM DO MULATO,Caatinga,2,0.0,1.0,-6.15963,-42.49969,26.2
2024/11/05 16:49:00,AQUA_M-T,Brasil,PERNAMBUCO,IPUBI,Caatinga,17,0.0,1.0,-7.6707,-40.2326,25.8
2024/11/05 16:49:00,AQUA_M-T,Brasil,PARAÍBA,SÃO JOÃO DO RIO DO PEIXE,Caatinga,35,0.0,1.0,-6.8393,-38.36766,14.5
2024/11/05 16:49:00,AQUA_M-T,Brasil,MARANHÃO,CHAPADINHA,Cerrado,23,0.0,1.0,-4.10869,-43.45533,98.3
2024/11/05 16:49:00,AQUA_M-T,Brasil,CEARÁ,SANTA QUITÉRIA,Caatinga,73,0.0,1.0,-4.42694,-39.90958,12.5
2024/11/05 16:49:00,AQUA_M-T,Brasil,PARAÍBA,LASTRO,Caatinga,44,0.0,1.0,-6.56859,-38.20683,13.2
2024/11/05 16:49:00,AQUA_M-T,Brasil,PIAUÍ,PIRIPIRI,Caatinga,24,0.0,1.0,-4.41667,-41.92678,30.2
2024/11/05 16:49:00,AQUA_M-T,Brasil,PERNAMBUCO,AFRÂNIO,Caatinga,5,0.0,1.0,-8.71382,-41.25374,83.9
2024/11/05 16:49:00,AQUA_M-T,Brasil,PIAUÍ,BATALHA,Caatinga,100,0.0,1.0,-4.1299,-42.23418,18.1
2024/11/05 16:49:00,AQUA_M-T,Brasil,MARANHÃO,MONÇÃO,Amazônia,20,0.2,1.0,-3.54685,-45.17781,46.6
2024/11/05 16:49:00,AQUA_M-T,Brasil,CEARÁ,MORADA NOVA,Caatinga,105,0.0,1.0,-5.35553,-38.61137,15.0
2024/11/05 16:49:00,AQUA_M-T,Brasil,PIAUÍ,CANAVIEIRA,Cerrado,4,0.0,1.0,-7.56612,-43.655,29.7
2024/11/05 16:49:00,AQUA_M-T,Brasil,MARANHÃO,SANTA LUZIA,Amazônia,36,0.0,1.0,-4.07505,-45.97595,127.5
2024/11/05 16:49:00,AQUA_M-T,Brasil,MARANHÃO,CAXIAS,Cerrado,18,0.0,1.0,-4.89155,-42.9854,57.0
2024/11/05 16:49:00,AQUA_M-T,Brasil,MARANHÃO,CHAPADINHA,Cerrado,24,0.0,1.0,-4.01435,-43.63374,35.1
2024/11/05 16:49:00,AQUA_M-T,Brasil,MARANHÃO,BACABAL,Amazônia,17,0.3,1.0,-3.99719,-44.69855,117.6
2024/11/05 16:49:00,AQUA_M-T,Brasil,RIO GRANDE DO NORTE,SÃO JOSÉ DE MIPIBU,Mata Atlântica,4,0.0,0.96,-5.99041,-35.29588,14.4
2024/11/05 16:49:00,AQUA_M-T,Brasil,PIAUÍ,BATALHA,Caatinga,114,0.0,1.0,-4.13244,-42.25174,17.1
2024/11/05 16:49:00,AQUA_M-T,Brasil,PERNAMBUCO,SERRA TALHADA,Caatinga,18,0.0,1.0,-7.83082,-38.51995,98.3
2024/11/05 16:49:00,AQUA_M-T,Brasil,PERNAMBUCO,SANTA FILOMENA,Caatinga,18,0.0,1.0,-8.29535,-40.60397,422.8
2024/11/05 16:49:00,AQUA_M-T,Brasil,CEARÁ,MONSENHOR TABOSA,Caatinga,120,0.0,1.0,-4.8065,-39.98801,214.4
2024/11/05 16:49:00,AQUA_M-T,Brasil,MARANHÃO,SÃO VICENTE FERRER,Amazônia,12,0.15,-999.0,-2.89466,-44.87507,89.8
2024/11/05 16:49:00,AQUA_M-T,Brasil,PIAUÍ,PIRIPIRI,Caatinga,24,0.0,1.0,-4.41432,-41.91013,17.3
2024/11/05 16:49:00,AQUA_M-T,Brasil,CEARÁ,MILAGRES,Caatinga,16,0.0,1.0,-7.25665,-38.94878,14.4
2024/11/05 16:49:00,AQUA_M-T,Brasil,CEARÁ,MILAGRES,Caatinga,16,0.0,1.0,-7.25829,-38.9602,8.5
2024/11/05 16:49:00,AQUA_M-T,Brasil,PARAÍBA,DESTERRO,Caatinga,96,0.0,1.0,-7.37369,-37.06265,12.4
2024/11/05 16:49:00,AQUA_M-T,Brasil,RIO GRANDE DO NORTE,CARNAUBAIS,Caatinga,5,0.0,1.0,-5.24395,-36.87884,39.4
2024/11/05 16:49:00,AQUA_M-T,Brasil,CEARÁ,QUIXERAMOBIM,Caatinga,120,0.0,1.0,-5.31245,-39.52089,15.5
2024/11/05 16:49:00,AQUA_M-T,Brasil,PIAUÍ,PIMENTEIRAS,Caatinga,17,0.1,1.0,-6.25046,-41.65405,51.6
2024/11/05 16:49:00,AQUA_M-T,Brasil,CEARÁ,TAUÁ,Caatinga,117,0.0,1.0,-5.99263,-40.13876,23.9
2024/11/05 16:49:00,AQUA_M-T,Brasil,CEARÁ,QUIXERAMOBIM,Caatinga,120,0.0,1.0,-5.3139,-39.52593,23.6
2024/11/05 16:49:00,AQUA_M-T,Brasil,PARAÍBA,SÃO JOSÉ DA LAGOA TAPADA,Caatinga,16,0.0,1.0,-6.96139,-38.12999,20.3
2024/11/05 16:49:00,AQUA_M-T,Brasil,PIAUÍ,SIMÕES,Caatinga,14,0.0,1.0,-7.60575,-40.77269,23.8
2024/11/05 16:49:00,AQUA_M-T,Brasil,MARANHÃO,TUTÓIA,Cerrado,-999,0.0,1.0,-3.01421,-42.4816,14.9
2024/11/05 16:49:00,AQUA_M-T,Brasil,SERGIPE,NOSSA SENHORA DAS DORES,Mata Atlântica,45,0.0,1.0,-10.58497,-37.22287,11.3
2024/11/05 16:49:00,AQUA_M-T,Brasil,PARAÍBA,SANTANA DE MANGUEIRA,Caatinga,16,0.0,1.0,-7.67894,-38.30917,58.2
2024/11/05 16:49:00,AQUA_M-T,Brasil,CEARÁ,CATUNDA,Caatinga,109,0.0,1.0,-4.71771,-40.08049,72.0
2024/11/05 16:49:00,AQUA_M-T,Brasil,RIO GRANDE DO NORTE,TABOLEIRO GRANDE,Caatinga,114,0.0,1.0,-5.90982,-38.04166,9.8
2024/11/05 16:49:00,AQUA_M-T,Brasil,PERNAMBUCO,CUSTÓDIA,Caatinga,17,0.0,1.0,-8.27355,-37.63623,14.2
2024/11/05 16:49:00,AQUA_M-T,Brasil,CEARÁ,CATUNDA,Caatinga,113,0.0,1.0,-4.72801,-40.07902,10.8
2024/11/05 16:49:00,AQUA_M-T,Brasil,MARANHÃO,CHAPADINHA,Cerrado,22,0.0,1.0,-4.13494,-43.58183,821.8
2024/11/05 16:49:00,AQUA_M-T,Brasil,RIO GRANDE DO NORTE,SÃO MIGUEL,Caatinga,120,0.0,1.0,-6.24768,-38.47334,10.0
2024/11/05 16:49:00,AQUA_M-T,Brasil,MARANHÃO,BREJO,Cerrado,42,0.0,1.0,-3.58932,-42.85379,36.2
2024/11/05 16:49:00,AQUA_M-T,Brasil,PARAÍBA,PAULISTA,Caatinga,63,0.0,1.0,-6.70528,-37.48462,21.8
2024/11/05 16:49:00,AQUA_M-T,Brasil,PIAUÍ,AROAZES,Caatinga,9,0.0,1.0,-6.08653,-41.79328,23.6
2024/11/05 16:49:00,AQUA_M-T,Brasil,CEARÁ,MADALENA,Caatinga,104,0.0,1.0,-4.72567,-39.71053,22.5
2024/11/05 16:49:00,AQUA_M-T,Brasil,PERNAMBUCO,VITÓRIA DE SANTO ANTÃO,Mata Atlântica,6,0.0,0.98,-8.05599,-35.27407,8.1
2024/11/05 16:49:00,AQUA_M-T,Brasil,PERNAMBUCO,ALIANÇA,Mata Atlântica,5,0.0,1.0,-7.63048,-35.21426,14.3
2024/11/05 16:49:00,AQUA_M-T,Brasil,RIO GRANDE DO NORTE,SÃO JOSÉ DE MIPIBU,Mata Atlântica,5,0.0,0.98,-5.98282,-35.30621,32.6
2024/11/05 16:49:00,AQUA_M-T,Brasil,PIAUÍ,CAPITÃO GERVÁSIO OLIVEIRA,Caatinga,5,0.0,1.0,-8.49728,-42.0909,483.4
2024/11/05 16:49:00,AQUA_M-T,Brasil,CEARÁ,CATUNDA,Caatinga,106,0.0,1.0,-4.7074,-40.08195,54.4
2024/11/05 16:49:00,AQUA_M-T,Brasil,PIAUÍ,SÃO MIGUEL DO TAPUIO,Caatinga,19,0.0,1.0,-5.56382,-41.68886,24.8
2024/11/05 16:49:00,AQUA_M-T,Brasil,MARANHÃO,SANTA LUZIA,Amazônia,36,0.0,1.0,-4.06853,-45.98092,110.2
2024/11/05 16:49:00,AQUA_M-T,Brasil,MARANHÃO,SANTA LUZIA,Amazônia,36,0.0,1.0,-4.06378,-45.94662,167.4
2024/11/05 16:49:00,AQUA_M-T,Brasil,PERNAMBUCO,SANTA FILOMENA,Caatinga,18,0.0,1.0,-8.29746,-40.61934,27.8
2024/11/05 16:49:00,AQUA_M-T,Brasil,CEARÁ,ITAPIPOCA,Caatinga,111,0.37,1.0,-3.19792,-39.62113,10.4
2024/11/05 16:49:00,AQUA_M-T,Brasil,PIAUÍ,ESPERANTINA,Caatinga,29,0.0,1.0,-3.8364,-42.06203,58.0
2024/11/05 16:49:00,AQUA_M-T,Brasil,PIAUÍ,SIMÕES,Caatinga,18,0.0,1.0,-7.93942,-40.6095,15.8
2024/11/05 16:49:00,AQUA_M-T,Brasil,PIAUÍ,JACOBINA DO PIAUÍ,Caatinga,4,0.0,1.0,-7.87002,-41.1144,247.4
2024/11/05 16:49:00,AQUA_M-T,Brasil,PIAUÍ,CAPITÃO GERVÁSIO OLIVEIRA,Caatinga,5,0.0,1.0,-8.50006,-42.1116,297.0
2024/11/05 16:49:00,AQUA_M-T,Brasil,PARAÍBA,BAÍA DA TRAIÇÃO,Mata Atlântica,-999,0.0,1.0,-6.68068,-34.96757,13.2
2024/11/05 16:49:00,AQUA_M-T,Brasil,PERNAMBUCO,CARUARU,Mata Atlântica,5,0.0,1.0,-8.19853,-36.00508,14.1
2024/11/05 16:49:00,AQUA_M-T,Brasil,CEARÁ,ICÓ,Caatinga,120,0.0,1.0,-6.50192,-38.72886,32.3
2024/11/05 16:49:00,AQUA_M-T,Brasil,RIO GRANDE DO NORTE,CAMPO REDONDO,Caatinga,5,0.0,1.0,-6.17954,-36.20359,44.0
2024/11/05 16:49:00,AQUA_M-T,Brasil,CEARÁ,PARACURU,Caatinga,119,0.0,1.0,-3.51263,-39.15572,9.0
2024/11/05 16:49:00,AQUA_M-T,Brasil,MARANHÃO,CHAPADINHA,Cerrado,22,0.0,1.0,-4.1379,-43.56359,152.8
2024/11/05 16:49:00,AQUA_M-T,Brasil,CEARÁ,IRACEMA,Caatinga,118,0.0,1.0,-5.85933,-38.46993,25.6
2024/11/05 16:49:00,AQUA_M-T,Brasil,MARANHÃO,CHAPADINHA,Cerrado,23,0.0,1.0,-4.12758,-43.58781,307.2
2024/11/05 16:49:00,AQUA_M-T,Brasil,MARANHÃO,BACABAL,Amazônia,17,0.33,1.0,-3.99288,-44.67853,329.4
2024/11/05 16:49:00,AQUA_M-T,Brasil,MARANHÃO,CHAPADINHA,Cerrado,22,0.0,1.0,-4.1411,-43.58587,422.6
2024/11/05 16:49:00,AQUA_M-T,Brasil,PIAUÍ,CURRAL NOVO DO PIAUÍ,Caatinga,9,0.0,1.0,-7.87611,-40.7331,14.2
2024/11/05 16:49:00,AQUA_M-T,Brasil,PERNAMBUCO,SERRA TALHADA,Caatinga,18,0.0,1.0,-7.82929,-38.50916,28.5
2024/11/05 16:49:00,AQUA_M-T,Brasil,PERNAMBUCO,OURICURI,Caatinga,12,0.0,1.0,-7.96238,-39.91921,255.4
2024/11/05 16:49:00,AQUA_M-T,Brasil,BAHIA,MONTE SANTO,Caatinga,17,0.0,1.0,-10.27092,-39.41559,81.9
2024/11/05 16:49:00,AQUA_M-T,Brasil,CEARÁ,MONSENHOR TABOSA,Caatinga,120,0.0,1.0,-4.78931,-39.94087,30.3
2024/11/05 16:49:00,AQUA_M-T,Brasil,PIAUÍ,CURRAL NOVO DO PIAUÍ,Caatinga,8,0.0,1.0,-7.87776,-40.73959,22.9
2024/11/05 16:49:00,AQUA_M-T,Brasil,MARANHÃO,CHAPADINHA,Cerrado,22,0.0,1.0,-4.13194,-43.55961,67.2
2024/11/05 16:49:00,AQUA_M-T,Brasil,CEARÁ,SANTA QUITÉRIA,Caatinga,76,0.0,1.0,-4.70722,-39.93414,160.0
2024/11/05 16:49:00,AQUA_M-T,Brasil,RIO GRANDE DO NORTE,TENENTE ANANIAS,Caatinga,118,0.0,1.0,-6.45,-38.21914,139.8
2024/11/05 16:49:00,AQUA_M-T,Brasil,RIO GRANDE DO NORTE,TABOLEIRO GRANDE,Caatinga,117,0.0,1.0,-5.91122,-38.05138,25.7
2024/11/05 16:49:00,AQUA_M-T,Brasil,PIAUÍ,CASTELO DO PIAUÍ,Caatinga,19,0.0,1.0,-5.56151,-41.67214,51.0
2024/11/05 16:49:00,AQUA_M-T,Brasil,CEARÁ,TAUÁ,Caatinga,117,0.0,1.0,-5.99083,-40.12584,14.4
2024/11/05 16:49:00,AQUA_M-T,Brasil,RIO GRANDE DO NORTE,BODÓ,Caatinga,5,0.0,1.0,-6.05303,-36.54113,11.2
2024/11/05 16:49:00,AQUA_M-T,Brasil,PERNAMBUCO,FLORES,Caatinga,17,0.0,1.0,-7.83536,-37.90845,15.7
2024/11/05 16:49:00,AQUA_M-T,Brasil,PARAÍBA,LASTRO,Caatinga,46,0.0,1.0,-6.56716,-38.19675,33.9
2024/11/05 16:49:00,AQUA_M-T,Brasil,PIAUÍ,CASTELO DO PIAUÍ,Caatinga,18,0.0,1.0,-5.50362,-41.65161,26.3
2024/11/05 16:49:00,AQUA_M-T,Brasil,SERGIPE,POÇO REDONDO,Caatinga,18,0.0,1.0,-9.93517,-37.91151,27.4
2024/11/05 16:49:00,AQUA_M-T,Brasil,CEARÁ,PEREIRO,Caatinga,119,0.0,1.0,-6.01561,-38.47662,14.9
2024/11/05 16:49:00,AQUA_M-T,Brasil,RIO GRANDE DO NORTE,CAMPO REDONDO,Caatinga,5,0.0,1.0,-6.18082,-36.2124,11.8
2024/11/05 16:49:00,AQUA_M-T,Brasil,PIAUÍ,BETÂNIA DO PIAUÍ,Caatinga,17,0.0,1.0,-8.18817,-40.75156,65.0
2024/11/05 16:49:00,AQUA_M-T,Brasil,RIO GRANDE DO NORTE,SANTANA DO MATOS,Caatinga,5,0.0,1.0,-5.80192,-36.59714,21.4
2024/11/05 16:49:00,AQUA_M-T,Brasil,RIO GRANDE DO NORTE,SERRA NEGRA DO NORTE,Caatinga,74,0.0,1.0,-6.69483,-37.47632,9.4
2024/11/05 16:49:00,AQUA_M-T,Brasil,PIAUÍ,PIRIPIRI,Caatinga,23,0.0,1.0,-4.24539,-41.92878,43.7
2024/11/05 16:49:00,AQUA_M-T,Brasil,PIAUÍ,ELISEU MARTINS,Cerrado,5,0.1,1.0,-8.10173,-43.68204,69.4
2024/11/05 16:49:00,AQUA_M-T,Brasil,CEARÁ,MONSENHOR TABOSA,Caatinga,120,0.0,1.0,-4.80475,-39.97584,249.4
2024/11/05 16:49:00,AQUA_M-T,Brasil,PARAÍBA,AROEIRAS,Caatinga,24,0.0,1.0,-7.47731,-35.67611,38.5
2024/11/05 16:49:00,AQUA_M-T,Brasil,PERNAMBUCO,RIACHO DAS ALMAS,Mata Atlântica,5,0.0,1.0,-8.10842,-35.96151,20.3
2024/11/05 16:49:00,AQUA_M-T,Brasil,ALAGOAS,FELIZ DESERTO,Mata Atlântica,-999,0.0,1.0,-10.32343,-36.3555,13.0
2024/11/05 16:49:00,AQUA_M-T,Brasil,PIAUÍ,AROAZES,Caatinga,9,0.0,1.0,-6.09071,-41.78734,17.2
2024/11/05 16:49:00,AQUA_M-T,Brasil,PIAUÍ,JACOBINA DO PIAUÍ,Caatinga,3,0.0,1.0,-7.87957,-41.09628,19.1
2024/11/05 16:49:00,AQUA_M-T,Brasil,CEARÁ,PACATUBA,Caatinga,90,0.0,1.0,-3.97853,-38.58415,20.3
2024/11/05 16:49:00,AQUA_M-T,Brasil,PERNAMBUCO,RIACHO DAS ALMAS,Mata Atlântica,5,0.0,1.0,-8.10713,-35.95263,86.6
2024/11/05 16:49:00,AQUA_M-T,Brasil,PIAUÍ,CAPITÃO GERVÁSIO OLIVEIRA,Caatinga,5,0.0,1.0,-8.51118,-42.10492,89.6
2024/11/05 16:49:00,AQUA_M-T,Brasil,CEARÁ,CAPISTRANO,Caatinga,110,0.0,1.0,-4.41203,-38.93227,27.9
2024/11/05 16:49:00,AQUA_M-T,Brasil,CEARÁ,ICÓ,Caatinga,120,0.0,1.0,-6.50045,-38.71823,42.6
2024/11/05 16:49:00,AQUA_M-T,Brasil,CEARÁ,OCARA,Caatinga,64,0.0,1.0,-4.44975,-38.61084,20.7
2024/11/05 16:49:00,AQUA_M-T,Brasil,PIAUÍ,INHUMA,Caatinga,5,0.0,1.0,-6.63541,-41.65751,42.1
2024/11/05 16:49:00,AQUA_M-T,Brasil,PARAÍBA,POÇO DANTAS,Caatinga,120,0.0,1.0,-6.37975,-38.51616,12.5
2024/11/05 16:49:00,AQUA_M-T,Brasil,ALAGOAS,CACIMBINHAS,Caatinga,70,0.0,1.0,-9.45588,-36.99002,30.4
2024/11/05 16:49:00,AQUA_M-T,Brasil,PIAUÍ,BARRAS,Caatinga,24,0.0,1.0,-4.13643,-42.54312,116.8
2024/11/05 16:49:00,AQUA_M-T,Brasil,PARAÍBA,JURU,Caatinga,17,0.0,1.0,-7.55455,-37.87452,18.6
2024/11/05 16:49:00,AQUA_M-T,Brasil,PIAUÍ,AVELINO LOPES,Cerrado,5,0.0,1.0,-10.10115,-43.90438,47.5
2024/11/05 16:49:00,AQUA_M-T,Brasil,RIO GRANDE DO NORTE,SANTANA DO MATOS,Caatinga,5,0.0,1.0,-5.79308,-36.59844,14.6
2024/11/05 16:49:00,AQUA_M-T,Brasil,MARANHÃO,MATÕES DO NORTE,Cerrado,23,0.82,1.0,-3.73445,-44.56226,56.4
2024/11/05 16:49:00,AQUA_M-T,Brasil,RIO GRANDE DO NORTE,SANTANA DO MATOS,Caatinga,5,0.0,1.0,-5.80063,-36.58826,28.6
2024/11/05 16:49:00,AQUA_M-T,Brasil,MARANHÃO,SUCUPIRA DO RIACHÃO,Cerrado,3,0.2,1.0,-6.37874,-43.43593,44.5
2024/11/05 16:49:00,AQUA_M-T,Brasil,PIAUÍ,CAPITÃO GERVÁSIO OLIVEIRA,Caatinga,5,0.0,1.0,-8.50844,-42.08345,69.0
2024/11/05 16:49:00,AQUA_M-T,Brasil,CEARÁ,PACATUBA,Caatinga,83,0.0,1.0,-3.97996,-38.59398,17.2
2024/11/05 16:49:00,AQUA_M-T,Brasil,SERGIPE,NOSSA SENHORA DO SOCORRO,Mata Atlântica,5,0.0,1.0,-10.88394,-37.13503,15.9
2024/11/05 16:49:00,AQUA_M-T,Brasil,PARAÍBA,SANTO ANDRÉ,Caatinga,71,0.0,1.0,-7.18195,-36.62973,8.9
2024/11/05 16:49:00,AQUA_M-T,Brasil,CEARÁ,MAURITI,Caatinga,16,0.0,1.0,-7.26349,-38.62524,9.1
2024/11/05 16:49:00,AQUA_M-T,Brasil,PARAÍBA,SAPÉ,Mata Atlântica,5,0.0,1.0,-7.08185,-35.18711,20.2
2024/11/05 16:49:00,AQUA_M-T,Brasil,PERNAMBUCO,OURICURI,Caatinga,13,0.0,1.0,-7.96418,-39.93261,33.0
2024/11/05 16:49:00,AQUA_M-T,Brasil,PARAÍBA,ALAGOINHA,Caatinga,5,0.0,1.0,-6.92604,-35.56886,17.8
2024/11/05 16:49:00,AQUA_M-T,Brasil,CEARÁ,PEREIRO,Caatinga,119,0.0,1.0,-6.00761,-38.48844,21.1
2024/11/05 16:49:00,AQUA_M-T,Brasil,CEARÁ,TAUÁ,Caatinga,119,0.0,1.0,-5.64717,-40.14542,54.5
2024/11/05 16:49:00,AQUA_M-T,Brasil,PERNAMBUCO,OURICURI,Caatinga,13,0.0,1.0,-7.95165,-39.92069,61.2
2024/11/05 16:49:00,AQUA_M-T,Brasil,PARAÍBA,JURU,Caatinga,17,0.0,1.0,-7.55597,-37.88445,16.5
2024/11/05 16:49:00,AQUA_M-T,Brasil,PARAÍBA,CONCEIÇÃO,Caatinga,16,0.0,1.0,-7.44907,-38.56538,9.6
2024/11/05 16:49:00,AQUA_M-T,Brasil,PERNAMBUCO,GRAVATÁ,Mata Atlântica,35,0.0,1.0,-8.22819,-35.57831,6.9
2024/11/05 16:49:00,AQUA_M-T,Brasil,PIAUÍ,CRISTINO CASTRO,Cerrado,4,0.0,1.0,-8.72075,-44.01652,35.4
2024/11/05 16:49:00,AQUA_M-T,Brasil,CEARÁ,MILAGRES,Caatinga,16,0.0,1.0,-7.25903,-38.95341,27.0
2024/11/05 16:49:00,AQUA_M-T,Brasil,MARANHÃO,COELHO NETO,Cerrado,18,0.0,1.0,-4.37608,-43.13464,32.1
2024/11/05 16:49:00,AQUA_M-T,Brasil,CEARÁ,MONSENHOR TABOSA,Caatinga,115,0.0,1.0,-4.72626,-40.06683,14.1
2024/11/05 16:49:00,AQUA_M-T,Brasil,CEARÁ,MAURITI,Caatinga,16,0.0,1.0,-7.3944,-38.62351,10.8
2024/11/05 16:49:00,AQUA_M-T,Brasil,PERNAMBUCO,SOLIDÃO,Caatinga,17,0.0,1.0,-7.61762,-37.60928,41.4
2024/11/05 16:49:00,AQUA_M-T,Brasil,CEARÁ,ICÓ,Caatinga,120,0.0,1.0,-6.51324,-38.88234,17.2
2024/11/05 16:49:00,AQUA_M-T,Brasil,CEARÁ,BOA VIAGEM,Caatinga,120,0.0,1.0,-5.30697,-39.99441,20.0
2024/11/05 16:49:00,AQUA_M-T,Brasil,RIO GRANDE DO NORTE,PEDRA GRANDE,Caatinga,47,0.0,1.0,-5.133,-35.86736,10.0
2024/11/05 16:49:00,AQUA_M-T,Brasil,SERGIPE,CANINDÉ DE SÃO FRANCISCO,Caatinga,14,0.0,1.0,-9.67241,-37.8711,22.6
2024/11/05 16:49:00,AQUA_M-T,Brasil,CEARÁ,CANINDÉ,Caatinga,115,0.0,1.0,-4.47379,-39.45243,23.3
2024/11/05 16:49:00,AQUA_M-T,Brasil,CEARÁ,IBARETAMA,Caatinga,117,0.0,1.0,-4.85422,-38.66145,89.4
2024/11/05 16:49:00,AQUA_M-T,Brasil,MARANHÃO,MONÇÃO,Amazônia,20,0.2,1.0,-3.54462,-45.17105,34.9
2024/11/05 16:49:00,AQUA_M-T,Brasil,MARANHÃO,MATÕES DO NORTE,Cerrado,23,0.7,1.0,-3.72953,-44.54077,44.4
2024/11/05 16:49:00,AQUA_M-T,Brasil,ALAGOAS,MARAGOGI,Mata Atlântica,20,0.0,1.0,-8.91867,-35.18953,5.9
2024/11/05 16:49:00,AQUA_M-T,Brasil,PERNAMBUCO,ITAPISSUMA,Mata Atlântica,-999,0.0,1.0,-7.75594,-34.93539,12.2
2024/11/05 16:49:00,AQUA_M-T,Brasil,PIAUÍ,CAPITÃO GERVÁSIO OLIVEIRA,Caatinga,5,0.0,1.0,-8.49827,-42.10683,482.4
2024/11/05 16:49:00,AQUA_M-T,Brasil,BAHIA,CASA NOVA,Caatinga,6,0.0,1.0,-8.71155,-41.2366,24.5
2024/11/05 16:49:00,AQUA_M-T,Brasil,MARANHÃO,TIMBIRAS,Cerrado,23,0.0,1.0,-4.138,-43.60442,44.5
2024/11/05 16:49:00,AQUA_M-T,Brasil,PIAUÍ,FLORIANO,Caatinga,11,0.0,1.0,-7.21882,-42.89013,38.5
2024/11/05 16:49:00,AQUA_M-T,Brasil,PIAUÍ,PIMENTEIRAS,Caatinga,17,0.1,1.0,-6.24343,-41.6497,28.9
2024/11/05 16:49:00,AQUA_M-T,Brasil,CEARÁ,QUIXADÁ,Caatinga,114,0.0,1.0,-4.81328,-38.95723,16.6
2024/11/05 16:49:00,AQUA_M-T,Brasil,PERNAMBUCO,QUIXABA,Caatinga,16,0.0,1.0,-7.71201,-37.81947,11.3
2024/11/05 16:49:00,AQUA_M-T,Brasil,PIAUÍ,BATALHA,Caatinga,95,0.0,1.0,-4.13391,-42.22851,25.8
2024/11/05 16:49:00,AQUA_M-T,Brasil,SERGIPE,NOSSA SENHORA DO SOCORRO,Mata Atlântica,5,0.0,1.0,-10.88532,-37.14503,12.4
2024/11/05 16:49:00,AQUA_M-T,Brasil,RIO GRANDE DO NORTE,TENENTE ANANIAS,Caatinga,118,0.0,1.0,-6.44858,-38.20906,17.0
2024/11/05 16:49:00,AQUA_M-T,Brasil,PARAÍBA,SANTANA DE MANGUEIRA,Caatinga,16,0.0,1.0,-7.67749,-38.29882,36.7
2024/11/05 16:49:00,AQUA_M-T,Brasil,PERNAMBUCO,AFOGADOS DA INGAZEIRA,Caatinga,17,0.0,1.0,-7.66426,-37.61592,12.0
2024/11/05 16:49:00,AQUA_M-T,Brasil,CEARÁ,BOA VIAGEM,Caatinga,120,0.0,1.0,-4.7978,-39.92739,49.4
2024/11/05 16:49:00,AQUA_M-T,Brasil,CEARÁ,CASCAVEL,Caatinga,118,0.0,1.0,-4.18688,-38.37719,33.5
2024/11/05 16:49:00,AQUA_M-T,Brasil,MARANHÃO,BREJO,Cerrado,43,0.0,1.0,-3.59211,-42.87287,98.1
2024/11/05 16:49:00,AQUA_M-T,Brasil,MARANHÃO,BREJO,Cerrado,43,0.0,1.0,-3.59309,-42.8658,185.2
2024/11/05 16:49:00,AQUA_M-T,Brasil,PERNAMBUCO,SANTA CRUZ,Caatinga,5,0.0,1.0,-8.0971,-40.41478,33.3
2024/11/05 16:49:00,AQUA_M-T,Brasil,CEARÁ,ARNEIROZ,Caatinga,98,0.0,1.0,-6.20904,-40.2164,27.5
2024/11/05 16:49:00,AQUA_M-T,Brasil,CEARÁ,IBARETAMA,Caatinga,115,0.0,1.0,-4.84478,-38.66275,11.2
2024/11/05 16:49:00,AQUA_M-T,Brasil,PIAUÍ,CURRAL NOVO DO PIAUÍ,Caatinga,8,0.0,1.0,-7.87816,-40.74868,25.5
2024/11/05 16:49:00,AQUA_M-T,Brasil,MARANHÃO,CAXIAS,Cerrado,18,0.0,1.0,-4.89436,-43.00614,51.2
2024/11/05 16:49:00,AQUA_M-T,Brasil,CEARÁ,BREJO SANTO,Caatinga,16,0.0,1.0,-7.51897,-38.84729,9.4
2024/11/05 16:49:00,AQUA_M-T,Brasil,PIAUÍ,LAGOA DO SÍTIO,Caatinga,18,0.0,1.0,-6.51264,-41.42132,24.9
2024/11/05 16:49:00,AQUA_M-T,Brasil,MARANHÃO,CHAPADINHA,Cerrado,24,0.0,1.0,-4.10559,-43.43362,59.2
2024/11/05 16:49:00,AQUA_M-T,Brasil,PARAÍBA,CONCEIÇÃO,Caatinga,16,0.0,1.0,-7.47506,-38.5399,15.5
2024/11/05 16:49:00,AQUA_M-T,Brasil,MARANHÃO,BACABAL,Amazônia,17,0.39,1.0,-3.99356,-44.67131,275.4
2024/11/05 16:49:00,AQUA_M-T,Brasil,CEARÁ,PALMÁCIA,Caatinga,120,0.0,1.0,-4.1479,-38.8107,9.4
2024/11/05 16:49:00,AQUA_M-T,Brasil,PARAÍBA,NAZAREZINHO,Caatinga,16,0.0,1.0,-6.92826,-38.3493,13.7
2024/11/05 16:49:00,AQUA_M-T,Brasil,MARANHÃO,TUTÓIA,Cerrado,-999,0.0,1.0,-2.82595,-42.36301,15.1
2024/11/05 16:49:00,AQUA_M-T,Brasil,RIO GRANDE DO NORTE,SANTANA DO MATOS,Caatinga,5,0.0,1.0,-6.05431,-36.54998,9.0
2024/11/05 16:49:00,AQUA_M-T,Brasil,CEARÁ,IBARETAMA,Caatinga,118,0.0,1.0,-4.85565,-38.67154,20.2
2024/11/05 16:49:00,AQUA_M-T,Brasil,PERNAMBUCO,BONITO,Mata Atlântica,92,0.0,1.0,-8.48319,-35.54851,55.2
2024/11/05 16:49:00,AQUA_M-T,Brasil,MARANHÃO,COELHO NETO,Cerrado,18,0.0,1.0,-4.38918,-43.13279,30.8
2024/11/05 16:49:00,AQUA_M-T,Brasil,CEARÁ,PARACURU,Caatinga,119,0.0,1.0,-3.50944,-39.1617,18.8
2024/11/05 16:49:00,AQUA_M-T,Brasil,PIAUÍ,CASTELO DO PIAUÍ,Caatinga,18,0.0,1.0,-5.50968,-41.64576,19.8
2024/11/05 16:49:00,AQUA_M-T,Brasil,MARANHÃO,MATÕES DO NORTE,Cerrado,23,0.7,1.0,-3.73086,-44.536,32.6
2024/11/05 16:49:00,AQUA_M-T,Brasil,PIAUÍ,BATALHA,Caatinga,112,0.0,1.0,-4.13632,-42.24615,36.7
2024/11/05 16:49:00,AQUA_M-T,Brasil,CEARÁ,MADALENA,Caatinga,103,0.0,1.0,-4.72731,-39.72215,21.0
2024/11/05 16:49:00,AQUA_M-T,Brasil,CEARÁ,QUIXADÁ,Caatinga,115,0.0,-999.0,-5.09524,-38.85575,30.8
2024/11/05 16:49:00,AQUA_M-T,Brasil,RIO GRANDE DO NORTE,SÃO MIGUEL,Caatinga,120,0.0,1.0,-6.1462,-38.47202,95.2
2024/11/05 16:49:00,AQUA_M-T,Brasil,PIAUÍ,AROAZES,Caatinga,10,0.0,1.0,-6.09317,-41.80581,44.6
2024/11/05 16:49:00,AQUA_M-T,Brasil,PIAUÍ,SÃO MIGUEL DO TAPUIO,Caatinga,18,0.0,1.0,-5.65179,-41.48483,23.4
2024/11/05 16:49:00,AQUA_M-T,Brasil,CEARÁ,SOLONÓPOLE,Caatinga,68,0.0,1.0,-5.6986,-39.07006,11.5
2024/11/05 16:49:00,AQUA_M-T,Brasil,BAHIA,MIRANGABA,Caatinga,17,0.0,1.0,-10.96942,-40.54002,27.5
2024/11/05 16:49:00,AQUA_M-T,Brasil,CEARÁ,PEREIRO,Caatinga,119,0.0,1.0,-6.01706,-38.48698,30.1
2024/11/05 16:49:00,AQUA_M-T,Brasil,CEARÁ,TEJUÇUOCA,Caatinga,120,0.0,1.0,-4.0248,-39.53735,18.1
2024/11/05 16:49:00,AQUA_M-T,Brasil,CEARÁ,BATURITÉ,Caatinga,112,0.0,1.0,-4.34143,-38.87537,16.4
2024/11/05 16:49:00,AQUA_M-T,Brasil,RIO GRANDE DO NORTE,SERRA NEGRA DO NORTE,Caatinga,64,0.0,1.0,-6.70395,-37.47526,15.2
2024/11/05 16:49:00,AQUA_M-T,Brasil,MARANHÃO,SÃO VICENTE FERRER,Amazônia,1,0.2,1.0,-2.89085,-44.8481,65.8
2024/11/05 16:49:00,AQUA_M-T,Brasil,MARANHÃO,TUTÓIA,Cerrado,-999,0.0,1.0,-2.83791,-42.36126,163.6
2024/11/05 16:49:00,AQUA_M-T,Brasil,PERNAMBUCO,SOLIDÃO,Caatinga,17,0.0,1.0,-7.61624,-37.59965,9.9
2024/11/05 16:49:00,AQUA_M-T,Brasil,CEARÁ,BOA VIAGEM,Caatinga,120,0.0,1.0,-4.78759,-39.92887,260.8
2024/11/05 16:49:00,AQUA_M-T,Brasil,PIAUÍ,PIMENTEIRAS,Caatinga,17,0.1,1.0,-6.24568,-41.66673,60.9
2024/11/05 16:49:00,AQUA_M-T,Brasil,PIAUÍ,CAPITÃO GERVÁSIO OLIVEIRA,Caatinga,5,0.0,1.0,-8.49564,-42.08599,260.6
2024/11/05 16:49:00,AQUA_M-T,Brasil,BAHIA,MONTE SANTO,Caatinga,17,0.0,1.0,-10.26503,-39.40934,66.7
2024/11/05 16:49:00,AQUA_M-T,Brasil,RIO GRANDE DO NORTE,SÃO JOSÉ DE MIPIBU,Mata Atlântica,5,0.0,0.94,-5.9815,-35.29721,13.4
2024/11/05 16:49:00,AQUA_M-T,Brasil,BAHIA,SENTO SÉ,Caatinga,2,0.5,1.0,-9.78959,-41.79037,17.9
2024/11/05 16:49:00,AQUA_M-T,Brasil,CEARÁ,BREJO SANTO,Caatinga,16,0.0,1.0,-7.5191,-38.84174,17.4
2024/11/05 16:49:00,AQUA_M-T,Brasil,PIAUÍ,JACOBINA DO PIAUÍ,Caatinga,4,0.0,1.0,-7.86782,-41.09797,740.4
2024/11/05 16:49:00,AQUA_M-T,Brasil,PERNAMBUCO,SANTA CRUZ,Caatinga,5,0.0,1.0,-8.09657,-40.40967,41.4
2024/11/05 16:49:00,AQUA_M-T,Brasil,RIO GRANDE DO NORTE,PEDRA GRANDE,Caatinga,48,0.0,1.0,-5.14313,-35.87491,24.9
2024/11/05 16:49:00,AQUA_M-T,Brasil,RIO GRANDE DO NORTE,SERRA NEGRA DO NORTE,Caatinga,94,0.0,1.0,-6.67501,-37.46692,18.7
2024/11/05 16:49:00,AQUA_M-T,Brasil,CEARÁ,MAURITI,Caatinga,16,0.0,1.0,-7.265,-38.63601,16.4
2024/11/05 16:49:00,AQUA_M-T,Brasil,CEARÁ,BOA VIAGEM,Caatinga,120,0.0,1.0,-5.25695,-39.63475,40.3
2024/11/05 16:49:00,AQUA_M-T,Brasil,PIAUÍ,FRONTEIRAS,Caatinga,14,0.0,1.0,-7.04981,-40.47855,53.8
2024/11/05 16:49:00,AQUA_M-T,Brasil,RIO GRANDE DO NORTE,PEDRA GRANDE,Caatinga,43,0.0,1.0,-5.13429,-35.87622,31.8
2024/11/05 16:49:00,AQUA_M-T,Brasil,RIO GRANDE DO NORTE,PEDRA GRANDE,Caatinga,38,0.0,1.0,-5.12544,-35.87752,9.7
2024/11/05 16:49:00,AQUA_M-T,Brasil,CEARÁ,BOA VIAGEM,Caatinga,120,0.0,1.0,-4.87415,-39.88658,37.3
2024/11/05 16:49:00,AQUA_M-T,Brasil,PERNAMBUCO,BUENOS AIRES,Mata Atlântica,5,0.0,1.0,-7.74514,-35.36342,22.1
2024/11/05 16:49:00,AQUA_M-T,Brasil,MARANHÃO,TUTÓIA,Cerrado,-999,0.0,1.0,-2.84036,-42.37822,49.4
2024/11/05 16:49:00,AQUA_M-T,Brasil,CEARÁ,OCARA,Caatinga,64,0.0,1.0,-4.45116,-38.62083,21.0
2024/11/05 16:49:00,AQUA_M-T,Brasil,RIO GRANDE DO NORTE,PEDRA GRANDE,Caatinga,39,0.0,1.0,-5.13558,-35.88507,14.8
2024/11/05 16:49:00,AQUA_M-T,Brasil,PARAÍBA,PRINCESA ISABEL,Caatinga,17,0.0,1.0,-7.59497,-37.98504,12.5
2024/11/05 16:49:00,AQUA_M-T,Brasil,PIAUÍ,CAPITÃO GERVÁSIO OLIVEIRA,Caatinga,5,0.0,1.0,-8.51006,-42.08831,43.0
2024/11/05 16:49:00,AQUA_M-T,Brasil,PIAUÍ,SÃO JOSÉ DO PEIXE,Caatinga,4,0.0,1.0,-7.60592,-42.56544,41.4
2024/11/05 16:49:00,AQUA_M-T,Brasil,PARAÍBA,PRINCESA ISABEL,Caatinga,17,0.0,1.0,-7.60437,-37.98386,7.1
2024/11/05 16:49:00,AQUA_M-T,Brasil,ALAGOAS,PASSO DE CAMARAGIBE,Mata Atlântica,5,0.0,0.99,-9.23325,-35.56879,8.6
2024/11/05 16:49:00,AQUA_M-T,Brasil,PIAUÍ,INHUMA,Caatinga,5,0.0,1.0,-6.63103,-41.66305,36.8
2024/11/05 16:49:00,AQUA_M-T,Brasil,RIO GRANDE DO NORTE,CARNAUBAIS,Caatinga,26,0.0,1.0,-5.2962,-36.98948,13.6
2024/11/05 16:49:00,AQUA_M-T,Brasil,PERNAMBUCO,BONITO,Mata Atlântica,88,0.0,1.0,-8.48448,-35.55738,16.7
2024/11/05 16:49:00,AQUA_M-T,Brasil,PERNAMBUCO,SERRITA,Caatinga,15,0.0,1.0,-7.74825,-39.53805,17.7
2024/11/05 16:49:00,AQUA_M-T,Brasil,RIO GRANDE DO NORTE,SERRA NEGRA DO NORTE,Caatinga,95,0.0,1.0,-6.67367,-37.45762,82.7
2024/11/05 16:49:00,AQUA_M-T,Brasil,MARANHÃO,CAXIAS,Cerrado,18,0.0,1.0,-4.89355,-42.99206,56.0
2024/11/05 16:49:00,AQUA_M-T,Brasil,CEARÁ,CARIRIAÇU,Caatinga,88,0.0,1.0,-6.95959,-39.23054,10.8
2024/11/05 16:49:00,AQUA_M-T,Brasil,PARAÍBA,SÃO JOSÉ DA LAGOA TAPADA,Caatinga,16,0.0,1.0,-6.96279,-38.14009,38.2
2024/11/05 16:49:00,AQUA_M-T,Brasil,CEARÁ,ICÓ,Caatinga,120,0.0,1.0,-6.51475,-38.89326,10.3
2024/11/05 16:49:00,AQUA_M-T,Brasil,PARAÍBA,CONCEIÇÃO,Caatinga,16,0.0,1.0,-7.3969,-38.47395,8.2
2024/11/05 16:49:00,AQUA_M-T,Brasil,PIAUÍ,MARCOLÂNDIA,Caatinga,4,0.0,1.0,-7.44793,-40.79085,13.3
2024/11/05 16:49:00,AQUA_M-T,Brasil,MARANHÃO,CHAPADINHA,Cerrado,22,0.0,1.0,-4.12439,-43.56546,124.2
2024/11/05 16:49:00,AQUA_M-T,Brasil,CEARÁ,SANTA QUITÉRIA,Caatinga,74,0.0,1.0,-4.70556,-39.9226,57.5
2024/11/05 16:49:00,AQUA_M-T,Brasil,CEARÁ,SOLONÓPOLE,Caatinga,67,0.0,1.0,-5.69704,-39.05922,14.7
2024/11/05 16:49:00,AQUA_M-T,Brasil,MARANHÃO,CHAPADINHA,Cerrado,23,0.0,1.0,-4.10362,-43.45127,147.5
2024/11/05 16:49:00,AQUA_M-T,Brasil,SERGIPE,JAPARATUBA,Mata Atlântica,-999,0.0,1.0,-10.5414,-36.84768,14.3
2024/11/05 16:49:00,AQUA_M-T,Brasil,MARANHÃO,MATÕES DO NORTE,Cerrado,23,0.87,1.0,-3.73333,-44.56707,30.5
2024/11/05 16:49:00,AQUA_M-T,Brasil,PARAÍBA,PEDRAS DE FOGO,Mata Atlântica,5,0.0,1.0,-7.30367,-35.11668,9.9
2024/11/05 16:49:00,AQUA_M-T,Brasil,BAHIA,MONTE SANTO,Caatinga,17,0.0,1.0,-10.26917,-39.40225,47.5
2024/11/05 16:49:00,AQUA_M-T,Brasil,CEARÁ,ITAPIÚNA,Caatinga,118,0.0,1.0,-4.50632,-38.94407,68.0
2024/11/05 16:49:00,AQUA_M-T,Brasil,RIO GRANDE DO NORTE,PEDRA GRANDE,Caatinga,43,0.0,1.0,-5.14442,-35.88376,19.1
2024/11/05 16:49:00,AQUA_M-T,Brasil,PARAÍBA,SÃO MIGUEL DE TAIPU,Mata Atlântica,5,0.0,1.0,-7.26601,-35.18381,5.9
2024/11/05 16:49:00,AQUA_M-T,Brasil,PIAUÍ,PICOS,Caatinga,4,0.0,1.0,-6.91072,-41.56528,74.0
2024/11/05 16:49:00,AQUA_M-T,Brasil,CEARÁ,ICÓ,Caatinga,120,0.0,1.0,-6.3723,-38.62865,13.8
2024/11/05 16:49:00,AQUA_M-T,Brasil,CEARÁ,CANINDÉ,Caatinga,115,0.0,1.0,-4.47579,-39.45773,15.1
2024/11/05 16:49:00,AQUA_M-T,Brasil,PERNAMBUCO,OURICURI,Caatinga,14,0.0,1.0,-7.95344,-39.93406,12.7
2024/11/05 16:49:00,AQUA_M-T,Brasil,PIAUÍ,CAMPO LARGO DO PIAUÍ,Caatinga,32,0.0,1.0,-3.93802,-42.52674,36.1
2024/11/05 18:19:00,AQUA_M-T,Argentina,San Luis,General Pedernera,,0,0.0,0.74,-34.26023,-65.35564,34.2
2024/11/05 18:19:00,AQUA_M-T,Argentina,Buenos Aires,Esteban Echeverría,,0,0.1,0.13,-34.87747,-58.62848,8.1
2024/11/05 18:19:00,AQUA_M-T,Argentina,Buenos Aires,Esteban Echeverría,,0,0.1,0.08,-34.86686,-58.63019,8.2
2024/11/05 18:19:00,AQUA_M-T,Argentina,Buenos Aires,General Viamonte,,0,0.0,0.07,-35.05519,-61.16852,15.0
2024/11/05 18:19:00,AQUA_M-T,Argentina,Buenos Aires,Avellaneda,,0,0.14,-999.0,-34.65282,-58.33463,24.1
2024/11/05 18:21:00,AQUA_M-T,Paraguay,Caaguazú,Doctor Cecilio Báez,,4,0.0,1.0,-25.10698,-56.30857,16.5
2024/11/05 18:21:00,AQUA_M-T,Paraguay,San Pedro,San Estanislao,,3,0.0,1.0,-24.37111,-56.26041,21.1
2024/11/05 18:21:00,AQUA_M-T,Argentina,Córdoba,Rió Seco,,3,1.61,0.86,-30.21316,-62.83515,75.6
2024/11/05 18:21:00,AQUA_M-T,Argentina,Córdoba,Rió Seco,,3,2.09,0.84,-30.21745,-62.88369,50.8
2024/11/05 18:21:00,AQUA_M-T,Argentina,Córdoba,Rió Seco,,3,1.7,0.88,-30.2153,-62.85937,31.3
2024/11/05 18:21:00,AQUA_M-T,Argentina,Santa Fe,San Cristóbal,,0,0.7,1.0,-30.55815,-60.86666,15.3
2024/11/05 18:21:00,AQUA_M-T,Argentina,Córdoba,Rió Seco,,3,1.78,0.83,-30.22641,-62.83362,51.4
2024/11/05 18:23:00,AQUA_M-T,Brasil,MATO GROSSO,POCONÉ,Pantanal,0,1.49,-999.0,-17.68368,-57.50917,10.3
2024/11/05 18:23:00,AQUA_M-T,Brasil,MATO GROSSO,POCONÉ,Pantanal,0,1.7,-999.0,-17.66729,-57.52145,15.8
2024/11/05 18:23:00,AQUA_M-T,Brasil,MATO GROSSO,POCONÉ,Pantanal,0,1.6,-999.0,-17.67618,-57.51999,25.0
2024/11/05 18:23:00,AQUA_M-T,Brasil,MATO GROSSO,POCONÉ,Pantanal,0,1.81,-999.0,-17.66868,-57.53079,17.3
2024/11/05 18:23:00,AQUA_M-T,Brasil,MATO GROSSO,POCONÉ,Pantanal,1,1.03,0.08,-17.6322,-57.46976,13.1
2024/11/05 18:23:00,AQUA_M-T,Paraguay,Boquerón,Doctor Pedro P. Peña,,3,0.9,1.0,-23.21994,-60.0493,9.6
2024/11/05 18:23:00,AQUA_M-T,Paraguay,Presidente Hayes,Pozo Colorado,,0,2.13,0.52,-23.29311,-58.06129,13.7
2024/11/05 18:23:00,AQUA_M-T,Brasil,MATO GROSSO,POCONÉ,Pantanal,1,0.97,0.08,-17.62049,-57.45251,43.4
2024/11/05 18:23:00,AQUA_M-T,Brasil,MATO GROSSO,POCONÉ,Pantanal,1,1.05,0.08,-17.6219,-57.46188,38.1
2024/11/05 18:23:00,AQUA_M-T,Paraguay,Concepción,Concepción,,0,9.72,0.01,-22.44909,-57.04797,8.4
2024/11/05 18:23:00,AQUA_M-T,Paraguay,Boquerón,Doctor Pedro P. Peña,,4,0.77,0.91,-23.25246,-60.54679,17.5
2024/11/05 18:25:00,AQUA_M-T,Bolivia,La Paz,Sud Yungas,,1,0.0,0.0,-15.52508,-67.13688,210.4
2024/11/05 18:25:00,AQUA_M-T,Bolivia,Santa Cruz,José Miguel de Velasco,,2,0.1,0.16,-17.20543,-61.32037,13.8
2024/11/05 18:25:00,AQUA_M-T,Bolivia,La Paz,Sud Yungas,,1,0.01,0.0,-15.56617,-67.10117,30.8
2024/11/05 18:25:00,AQUA_M-T,Bolivia,Santa Cruz,Chiquitos,,0,16.19,0.0,-17.29965,-60.24866,3.8
2024/11/05 18:25:00,AQUA_M-T,Bolivia,La Paz,Sud Yungas,,1,0.02,0.0,-15.5666,-67.09447,26.8
2024/11/05 18:25:00,AQUA_M-T,Bolivia,El Beni,Marbán,,0,4.13,0.01,-16.08525,-62.66312,18.7
2024/11/05 18:25:00,AQUA_M-T,Bolivia,Santa Cruz,Obispo Santistevan,,0,2.59,0.0,-16.11591,-64.27918,12.1
2024/11/05 18:28:00,AQUA_M-T,Bolivia,El Beni,Vaca Díez,,0,4.38,0.01,-11.9891,-66.68731,34.3
2024/11/05 18:28:00,AQUA_M-T,Brasil,AMAZONAS,NOVO ARIPUANÃ,Amazônia,0,2.08,0.22,-6.54962,-59.96431,7.9
2024/11/05 18:28:00,AQUA_M-T,Brasil,MATO GROSSO,COLNIZA,Amazônia,0,17.21,0.0,-9.4395,-61.46083,6.5
2024/11/05 18:28:00,AQUA_M-T,Bolivia,El Beni,Yacuma,,2,0.0,0.0,-12.91557,-66.27661,31.4
2024/11/05 18:28:00,AQUA_M-T,Brasil,AMAZONAS,HUMAITÁ,Amazônia,3,11.18,0.0,-7.84822,-63.42234,53.8
2024/11/05 18:28:00,AQUA_M-T,Brasil,RONDÔNIA,CANDEIAS DO JAMARI,Amazônia,0,8.48,0.0,-8.54989,-63.10501,42.5
2024/11/05 18:28:00,AQUA_M-T,Brasil,AMAZONAS,NOVO ARIPUANÃ,Amazônia,0,9.59,0.0,-7.65823,-61.11742,9.6
2024/11/05 18:28:00,AQUA_M-T,Bolivia,Pando,Federico Román,,2,0.13,0.0,-11.25452,-68.87241,38.3
2024/11/05 18:28:00,AQUA_M-T,Brasil,AMAZONAS,LÁBREA,Amazônia,2,0.0,0.09,-9.67895,-67.0681,38.5
2024/11/05 18:28:00,AQUA_M-T,Bolivia,La Paz,Abel Iturralde,,2,0.0,0.94,-13.02721,-68.43915,158.6
2024/11/05 18:28:00,AQUA_M-T,Bolivia,El Beni,Yacuma,,2,0.0,0.0,-14.23228,-66.16557,71.3
2024/11/05 18:28:00,AQUA_M-T,Brasil,AMAZONAS,NOVO ARIPUANÃ,Amazônia,0,0.74,0.07,-6.21994,-60.04727,5.4
2024/11/05 18:28:00,AQUA_M-T,Bolivia,La Paz,Abel Iturralde,,1,0.82,0.22,-13.09761,-68.77267,135.8
2024/11/05 18:28:00,AQUA_M-T,Bolivia,Pando,Manuripi,,2,0.0,0.22,-11.70712,-68.78323,21.1
2024/11/05 18:28:00,AQUA_M-T,Bolivia,El Beni,José Ballivián,,7,0.0,0.12,-14.06757,-67.35329,184.9
2024/11/05 18:28:00,AQUA_M-T,Brasil,AMAZONAS,LÁBREA,Amazônia,1,0.63,0.05,-9.59379,-66.79678,43.3
2024/11/05 18:28:00,AQUA_M-T,Bolivia,La Paz,Abel Iturralde,,4,0.0,0.49,-12.92899,-68.46239,105.4
2024/11/05 18:28:00,AQUA_M-T,Brasil,ACRE,SENA MADUREIRA,Amazônia,0,2.29,0.06,-9.4406,-68.5472,96.0
2024/11/05 18:28:00,AQUA_M-T,Brasil,RONDÔNIA,CUJUBIM,Amazônia,0,11.87,0.03,-9.31778,-62.67794,14.9
2024/11/05 18:28:00,AQUA_M-T,Brasil,AMAZONAS,HUMAITÁ,Amazônia,3,10.7,0.0,-7.8285,-63.42514,29.5
2024/11/05 18:28:00,AQUA_M-T,Brasil,AMAZONAS,MANICORÉ,Amazônia,1,10.05,0.0,-8.05675,-61.58901,13.4
2024/11/05 18:28:00,AQUA_M-T,Brasil,RONDÔNIA,CANDEIAS DO JAMARI,Amazônia,1,8.45,0.01,-8.70005,-63.00489,12.0
2024/11/05 18:28:00,AQUA_M-T,Bolivia,La Paz,Abel Iturralde,,3,0.0,0.32,-13.01727,-68.44726,97.7
2024/11/05 18:28:00,AQUA_M-T,Bolivia,El Beni,Mamoré,,2,2.34,0.07,-13.23971,-64.77523,181.9
2024/11/05 18:28:00,AQUA_M-T,Bolivia,Pando,Manuripi,,2,0.0,0.04,-11.33639,-67.69975,44.0
2024/11/05 18:28:00,AQUA_M-T,Brasil,RONDÔNIA,MACHADINHO D'OESTE,Amazônia,1,10.63,0.02,-9.14669,-61.86819,19.1
2024/11/05 18:28:00,AQUA_M-T,Bolivia,El Beni,José Ballivián,,7,0.0,0.14,-14.05277,-67.355,78.0
2024/11/05 18:28:00,AQUA_M-T,Brasil,ACRE,EPITACIOLÂNDIA,Amazônia,0,2.14,0.0,-11.01772,-68.55634,38.8
2024/11/05 18:28:00,AQUA_M-T,Bolivia,El Beni,Mamoré,,2,2.42,0.06,-13.2516,-64.77367,163.6
2024/11/05 18:28:00,AQUA_M-T,Brasil,AMAZONAS,LÁBREA,Amazônia,0,1.5,0.34,-9.47063,-66.55997,39.2
2024/11/05 18:28:00,AQUA_M-T,Bolivia,El Beni,Mamoré,,2,2.18,0.07,-13.25377,-64.79071,62.9
2024/11/05 18:28:00,AQUA_M-T,Brasil,AMAZONAS,LÁBREA,Amazônia,1,0.5,0.04,-9.58335,-66.81956,25.6
2024/11/05 18:28:00,AQUA_M-T,Brasil,RONDÔNIA,MACHADINHO D'OESTE,Amazônia,0,14.6,0.0,-8.99114,-61.6108,5.6
2024/11/05 18:28:00,AQUA_M-T,Brasil,RONDÔNIA,CANDEIAS DO JAMARI,Amazônia,0,8.38,0.0,-8.58557,-63.06101,11.0
2024/11/05 18:28:00,AQUA_M-T,Bolivia,El Beni,Yacuma,,2,0.0,0.0,-12.91299,-66.25466,42.7
2024/11/05 18:28:00,AQUA_M-T,Bolivia,La Paz,Abel Iturralde,,2,0.0,0.02,-14.07548,-67.95205,82.2
2024/11/05 18:28:00,AQUA_M-T,Bolivia,La Paz,Abel Iturralde,,1,0.0,0.14,-13.01265,-68.74747,155.6
2024/11/05 18:28:00,AQUA_M-T,Brasil,AMAZONAS,MANICORÉ,Amazônia,2,4.2,0.02,-6.40093,-62.78227,8.9
2024/11/05 18:28:00,AQUA_M-T,Bolivia,El Beni,Yacuma,,2,0.0,0.0,-12.91674,-66.2611,56.3
2024/11/05 18:28:00,AQUA_M-T,Brasil,RONDÔNIA,PORTO VELHO,Amazônia,3,17.68,0.0,-8.63084,-62.37676,7.4
2024/11/05 18:28:00,AQUA_M-T,Brasil,AMAZONAS,MANICORÉ,Amazônia,0,9.83,0.0,-8.05808,-61.59828,44.5
2024/11/05 18:28:00,AQUA_M-T,Bolivia,La Paz,Abel Iturralde,,3,0.0,0.07,-13.73113,-67.58913,42.4
2024/11/05 18:28:00,AQUA_M-T,Brasil,RONDÔNIA,MACHADINHO D'OESTE,Amazônia,1,10.95,0.02,-9.14533,-61.85852,9.3
2024/11/05 18:28:00,AQUA_M-T,Brasil,ACRE,ACRELÂNDIA,Amazônia,1,0.66,0.07,-9.97061,-66.98877,27.8
2024/11/05 18:28:00,AQUA_M-T,Brasil,ACRE,XAPURI,Amazônia,0,2.05,0.0,-10.72017,-68.86599,61.4
2024/11/05 18:28:00,AQUA_M-T,Bolivia,El Beni,Yacuma,,2,0.0,0.0,-14.21877,-66.16724,84.1
2024/11/05 18:28:00,AQUA_M-T,Bolivia,Pando,Manuripi,,2,0.05,0.05,-11.66959,-68.46209,91.7
2024/11/05 18:28:00,AQUA_M-T,Brasil,AMAZONAS,APUÍ,Amazônia,0,0.38,0.12,-6.90305,-58.93064,13.0
2024/11/05 18:28:00,AQUA_M-T,Brasil,AMAZONAS,HUMAITÁ,Amazônia,3,10.93,0.0,-7.83836,-63.42373,1487.8
2024/11/05 18:28:00,AQUA_M-T,Brasil,ACRE,XAPURI,Amazônia,1,0.93,0.0,-10.57833,-68.67062,60.4
2024/11/05 18:28:00,AQUA_M-T,Brasil,RONDÔNIA,CANDEIAS DO JAMARI,Amazônia,0,8.4,0.0,-8.55144,-63.11597,52.3
2024/11/05 18:28:00,AQUA_M-T,Brasil,RONDÔNIA,PIMENTEIRAS DO OESTE,Amazônia,0,10.24,0.01,-13.44532,-61.38511,33.6
2024/11/05 18:28:00,AQUA_M-T,Brasil,MATO GROSSO,JUÍNA,Amazônia,0,21.0,0.0,-11.41529,-59.04138,4.8
2024/11/05 18:28:00,AQUA_M-T,Bolivia,El Beni,Mamoré,,2,2.17,0.08,-13.22782,-64.77679,25.0
2024/11/05 18:28:00,AQUA_M-T,Bolivia,La Paz,Abel Iturralde,,5,0.0,0.24,-12.9381,-68.45657,125.3
2024/11/05 18:28:00,AQUA_M-T,Brasil,ACRE,XAPURI,Amazônia,0,1.46,0.0,-10.67899,-68.52244,81.7
2024/11/05 18:28:00,AQUA_M-T,Brasil,RONDÔNIA,CANDEIAS DO JAMARI,Amazônia,0,8.04,0.0,-8.58185,-63.10613,17.5
2024/11/05 18:28:00,AQUA_M-T,Bolivia,La Paz,Abel Iturralde,,1,0.0,0.63,-13.00461,-68.75539,147.1
2024/11/05 18:28:00,AQUA_M-T,Brasil,AMAZONAS,MANICORÉ,Amazônia,1,9.4,0.0,-7.94565,-61.32454,12.4
2024/11/05 18:28:00,AQUA_M-T,Brasil,AMAZONAS,BOCA DO ACRE,Amazônia,0,5.4,0.0,-8.81977,-67.37785,28.0
2024/11/05 18:28:00,AQUA_M-T,Bolivia,Pando,Manuripi,,2,0.05,0.04,-11.67326,-68.49334,54.7
2024/11/05 18:28:00,AQUA_M-T,Brasil,ACRE,SENA MADUREIRA,Amazônia,0,2.23,0.02,-9.43824,-68.54295,32.9
2024/11/05 18:28:00,AQUA_M-T,Brasil,AMAZONAS,HUMAITÁ,Amazônia,3,12.08,0.0,-7.83993,-63.43493,580.8
2024/11/05 18:28:00,AQUA_M-T,Brasil,AMAZONAS,MANICORÉ,Amazônia,0,8.08,0.0,-7.96437,-61.71227,8.0
2024/11/05 18:28:00,AQUA_M-T,Brasil,ACRE,BUJARI,Amazônia,0,0.8,0.02,-9.41927,-68.25872,20.5
2024/11/05 18:28:00,AQUA_M-T,Brasil,AMAZONAS,LÁBREA,Amazônia,2,0.0,0.02,-9.68182,-67.09064,27.4
2024/11/05 18:28:00,AQUA_M-T,Brasil,RONDÔNIA,PORTO VELHO,Amazônia,3,15.55,0.0,-8.26241,-62.7878,18.6
2024/11/05 18:28:00,AQUA_M-T,Bolivia,La Paz,Abel Iturralde,,0,0.0,0.5,-12.92359,-68.76484,113.7
2024/11/05 18:28:00,AQUA_M-T,Brasil,MATO GROSSO,JUÍNA,Amazônia,0,20.9,0.0,-11.41396,-59.03236,7.6
2024/11/05 18:28:00,AQUA_M-T,Brasil,AMAZONAS,LÁBREA,Amazônia,1,0.52,0.04,-9.59657,-66.81787,226.2
2024/11/05 18:28:00,AQUA_M-T,Brasil,ACRE,XAPURI,Amazônia,1,0.87,0.0,-10.57352,-68.66721,41.7
2024/11/05 18:28:00,AQUA_M-T,Bolivia,Pando,Manuripi,,1,0.0,0.06,-11.6209,-68.31311,47.8
2024/11/05 18:28:00,AQUA_M-T,Bolivia,El Beni,Mamoré,,2,2.1,0.14,-13.24186,-64.79227,20.8
2024/11/05 18:28:00,AQUA_M-T,Bolivia,Pando,Manuripi,,1,0.0,0.06,-11.60935,-68.3191,38.6
2024/11/05 18:28:00,AQUA_M-T,Brasil,ACRE,SENA MADUREIRA,Amazônia,1,2.33,0.01,-9.40247,-68.61185,38.7
2024/11/05 18:28:00,AQUA_M-T,Brasil,AMAZONAS,HUMAITÁ,Amazônia,0,0.5,0.43,-6.2756,-62.02716,9.6
2024/11/05 18:28:00,AQUA_M-T,Brasil,MATO GROSSO,COLNIZA,Amazônia,0,20.18,0.0,-9.14316,-61.38541,10.5
2024/11/05 18:28:00,AQUA_M-T,Bolivia,El Beni,José Ballivián,,7,0.0,0.12,-14.06785,-67.35764,121.1
2024/11/05 18:28:00,AQUA_M-T,Brasil,AMAZONAS,HUMAITÁ,Amazônia,3,12.36,0.0,-7.84979,-63.43353,17.2
2024/11/05 18:28:00,AQUA_M-T,Brasil,ACRE,EPITACIOLÂNDIA,Amazônia,0,2.08,0.0,-11.01386,-68.54936,39.2
2024/11/05 18:28:00,AQUA_M-T,Brasil,AMAZONAS,LÁBREA,Amazônia,1,0.56,0.03,-9.59275,-66.81331,287.6
2024/11/05 18:28:00,AQUA_M-T,Brasil,AMAZONAS,MAUÉS,Amazônia,0,0.7,0.05,-6.7633,-58.67148,11.6
2024/11/05 18:28:00,AQUA_M-T,Brasil,AMAZONAS,MANICORÉ,Amazônia,2,1.2,0.02,-6.91151,-60.93061,4.2
2024/11/05 18:28:00,AQUA_M-T,Brasil,ACRE,SENA MADUREIRA,Amazônia,0,2.65,0.01,-9.41036,-68.55108,55.7
2024/11/05 18:28:00,AQUA_M-T,Brasil,AMAZONAS,HUMAITÁ,Amazônia,2,5.84,0.01,-7.62129,-63.33114,10.7
2024/11/05 18:28:00,AQUA_M-T,Brasil,ACRE,XAPURI,Amazônia,0,1.54,0.0,-10.68261,-68.55254,94.2
2024/11/05 18:28:00,AQUA_M-T,Brasil,ACRE,XAPURI,Amazônia,1,0.97,0.0,-10.58221,-68.70158,36.1
2024/11/05 18:28:00,AQUA_M-T,Brasil,AMAZONAS,MANICORÉ,Amazônia,0,18.78,0.0,-7.43319,-61.41769,6.7
2024/11/05 18:28:00,AQUA_M-T,Bolivia,El Beni,Vaca Díez,,0,5.0,0.01,-11.97551,-66.68908,30.1
2024/11/05 18:28:00,AQUA_M-T,Bolivia,El Beni,José Ballivián,,7,0.0,0.14,-14.05304,-67.35932,88.2
2024/11/05 18:28:00,AQUA_M-T,Bolivia,La Paz,Abel Iturralde,,0,0.0,0.12,-12.91637,-68.77017,82.8
2024/11/05 18:28:00,AQUA_M-T,Bolivia,El Beni,José Ballivián,,7,0.0,0.1,-14.08237,-67.35153,48.7
2024/11/05 18:28:00,AQUA_M-T,Bolivia,El Beni,Vaca Díez,,0,4.54,0.01,-11.98203,-66.69317,45.5
2024/11/05 18:28:00,AQUA_M-T,Bolivia,Pando,Manuripi,,2,0.0,0.04,-11.33743,-67.69487,50.3
2024/11/05 18:28:00,AQUA_M-T,Bolivia,El Beni,José Ballivián,,8,0.0,0.11,-14.08555,-67.37959,39.8
2024/11/05 18:30:00,AQUA_M-T,Brasil,AMAZONAS,MANACAPURU,Amazônia,0,0.0,0.25,-3.35174,-60.75086,6.1
2024/11/05 18:30:00,AQUA_M-T,Brasil,AMAZONAS,SÃO GABRIEL DA CACHOEIRA,Amazônia,3,1.5,0.0,-0.24404,-67.01388,10.9
2024/11/05 18:30:00,AQUA_M-T,Brasil,AMAZONAS,EIRUNEPÉ,Amazônia,2,0.0,0.0,-6.67839,-70.13041,44.3
2024/11/05 18:30:00,AQUA_M-T,Brasil,AMAZONAS,SANTA ISABEL DO RIO NEGRO,Amazônia,3,0.36,0.09,1.15615,-64.82343,5.5
2024/11/05 18:30:00,AQUA_M-T,Brasil,RORAIMA,BONFIM,Amazônia,10,6.14,0.22,2.14292,-59.8796,17.7
2024/11/05 18:30:00,AQUA_M-T,Brasil,AMAZONAS,ITACOATIARA,Amazônia,0,0.0,0.43,-3.30711,-58.25951,19.8
2024/11/05 18:30:00,AQUA_M-T,Brasil,RORAIMA,RORAINÓPOLIS,Amazônia,10,1.5,0.38,0.64301,-60.25577,113.2
2024/11/05 18:30:00,AQUA_M-T,Venezuela,Bolívar,Gran Sabana,,5,0.0,0.11,4.5371,-61.65605,11.0
2024/11/05 18:30:00,AQUA_M-T,Brasil,AMAZONAS,BORBA,Amazônia,0,1.06,0.11,-4.3991,-59.90546,7.3
2024/11/05 18:30:00,AQUA_M-T,Brasil,RORAIMA,CANTÁ,Amazônia,11,2.31,0.54,2.54179,-60.58076,6.2
2024/11/05 18:30:00,AQUA_M-T,Brasil,PARÁ,ORIXIMINÁ,Amazônia,6,12.11,0.16,1.63528,-55.90806,42.1
2024/11/05 18:30:00,AQUA_M-T,Guyana,Upper Takutu-Upper Essequibo,Aishalton - Karaudanawa Achiwib,,18,1.77,0.88,2.42222,-59.27683,11.0
2024/11/05 18:30:00,AQUA_M-T,Brasil,AMAZONAS,MANICORÉ,Amazônia,0,1.66,0.07,-6.09965,-62.409,11.7
2024/11/05 18:30:00,AQUA_M-T,Brasil,AMAZONAS,NOVO ARIPUANÃ,Amazônia,0,1.48,0.07,-5.17733,-60.30359,8.6
2024/11/05 18:30:00,AQUA_M-T,Brasil,AMAZONAS,BARCELOS,Amazônia,10,0.1,1.0,-0.65728,-62.9163,17.5
2024/11/05 18:30:00,AQUA_M-T,Brasil,RORAIMA,NORMANDIA,Amazônia,9,0.5,0.97,4.04415,-59.8884,7.4
2024/11/05 18:30:00,AQUA_M-T,Brasil,AMAZONAS,PRESIDENTE FIGUEIREDO,Amazônia,5,0.3,0.57,-1.93425,-59.96409,6.4
2024/11/05 18:30:00,AQUA_M-T,Brasil,RORAIMA,PACARAIMA,Amazônia,8,0.0,1.0,4.09905,-60.6565,15.7
2024/11/05 18:30:00,AQUA_M-T,Brasil,AMAZONAS,BARCELOS,Amazônia,11,0.1,1.0,-0.64836,-62.91761,24.1
2024/11/05 18:30:00,AQUA_M-T,Brasil,RORAIMA,MUCAJAÍ,Amazônia,10,1.99,0.7,2.53892,-61.18149,12.5
2024/11/05 18:30:00,AQUA_M-T,Brasil,AMAZONAS,CAREIRO,Amazônia,0,0.69,0.87,-3.51185,-59.8377,6.0
2024/11/05 18:30:00,AQUA_M-T,Brasil,AMAZONAS,NOVO AIRÃO,Amazônia,2,1.64,0.32,-1.90804,-61.74722,6.9
2024/11/05 18:30:00,AQUA_M-T,Brasil,AMAZONAS,BARCELOS,Amazônia,10,0.33,0.89,-0.80187,-63.08297,11.7
2024/11/05 18:30:00,AQUA_M-T,Brasil,AMAZONAS,COARI,Amazônia,2,2.3,0.03,-4.13387,-63.41956,61.6
2024/11/05 18:30:00,AQUA_M-T,Brasil,AMAZONAS,COARI,Amazônia,1,1.44,0.04,-4.13127,-63.1374,7.3
2024/11/05 18:30:00,AQUA_M-T,Brasil,AMAZONAS,CAAPIRANGA,Amazônia,0,0.0,0.37,-3.2782,-61.51139,5.2
2024/11/05 18:30:00,AQUA_M-T,Brasil,RORAIMA,MUCAJAÍ,Amazônia,10,1.84,0.33,2.54026,-61.17219,8.6
2024/11/05 18:30:00,AQUA_M-T,Brasil,AMAZONAS,NOVA OLINDA DO NORTE,Amazônia,1,0.65,0.16,-3.95387,-59.08543,30.0
2024/11/05 18:30:00,AQUA_M-T,Brasil,AMAZONAS,COARI,Amazônia,2,0.67,0.04,-3.93721,-63.26754,11.1
2024/11/05 18:30:00,AQUA_M-T,Brasil,AMAZONAS,BARCELOS,Amazônia,8,0.4,0.5,-0.70094,-63.21601,12.5
2024/11/05 18:32:00,AQUA_M-T,Venezuela,Cojedes,Tinaco,,1,0.5,0.07,9.55711,-68.24463,16.1
2024/11/05 18:32:00,AQUA_M-T,Venezuela,Apure,Rómulo Gallegos,,0,0.0,0.0,6.69819,-69.34135,29.7
2024/11/05 18:32:00,AQUA_M-T,Venezuela,Cojedes,Tinaco,,1,0.7,0.05,9.56528,-68.19248,7.8
2024/11/05 18:32:00,AQUA_M-T,Venezuela,Apure,Achaguas,,0,1.0,0.0,6.64865,-68.48354,21.6
2024/11/05 18:32:00,AQUA_M-T,Venezuela,Guárico,Las Mercedes,,5,1.2,1.0,8.36816,-66.43365,41.7
2024/11/05 18:32:00,AQUA_M-T,Venezuela,Bolívar,Cedeño,,5,7.19,0.42,7.6957,-65.43964,22.7
2024/11/05 18:32:00,AQUA_M-T,Venezuela,Apure,Pedro Camejo,,1,1.02,0.06,6.72485,-67.71177,11.5
2024/11/05 18:32:00,AQUA_M-T,Venezuela,Guárico,Las Mercedes,,5,1.13,1.0,8.36973,-66.42319,121.8
2024/11/05 18:32:00,AQUA_M-T,Venezuela,Bolívar,Angostura,,0,28.43,0.0,5.89533,-62.73368,3.6
2024/11/05 18:32:00,AQUA_M-T,Venezuela,Portuguesa,Santa Rosalía,,0,0.25,0.18,9.22156,-68.98212,15.6
2024/11/05 18:32:00,AQUA_M-T,Venezuela,Apure,Achaguas,,0,1.6,0.01,6.61631,-68.09563,21.9
2024/11/05 18:32:00,AQUA_M-T,Venezuela,Falcón,Petit,,0,3.55,0.01,11.17021,-69.5639,11.0
2024/11/05 18:32:00,AQUA_M-T,Venezuela,Bolívar,Cedeño,,5,7.1,0.41,7.68516,-65.44779,11.0
2024/11/05 18:32:00,AQUA_M-T,Venezuela,Guárico,Santa María de Ipire,,5,11.41,0.21,7.81013,-65.41096,15.6
2024/11/05 18:32:00,AQUA_M-T,Venezuela,Yaracuy,Peña,,0,2.02,-999.0,10.12463,-69.03797,10.3
2024/11/05 18:32:00,AQUA_M-T,Venezuela,Apure,Achaguas,,0,1.6,0.01,6.60753,-68.07969,28.8
2024/11/05 18:32:00,AQUA_M-T,Venezuela,Guárico,Miranda,,0,3.13,0.4,8.72036,-67.62152,14.3
2024/11/05 18:32:00,AQUA_M-T,Venezuela,Guárico,Las Mercedes,,0,3.27,1.0,8.58871,-66.61627,76.3
2024/11/05 18:32:00,AQUA_M-T,Venezuela,Bolívar,Piar,,14,0.0,0.99,7.29249,-62.1206,7.1
2024/11/05 18:32:00,AQUA_M-T,Colombia,Vichada,Santa Rita,,0,0.25,0.0,4.68398,-68.5153,28.6
2024/11/05 18:32:00,AQUA_M-T,Venezuela,Portuguesa,Guanarito,,0,2.02,0.55,8.49994,-68.664,14.0
2024/11/05 18:32:00,AQUA_M-T,Venezuela,Portuguesa,Santa Rosalía,,0,0.2,0.56,8.94461,-68.84303,8.2
2024/11/05 18:32:00,AQUA_M-T,Colombia,Vichada,La Primavera,,0,0.1,0.0,4.93368,-70.02614,20.7
2024/11/05 18:32:00,AQUA_M-T,Venezuela,Bolívar,Piar,,12,0.0,1.0,7.25414,-62.3908,7.0
2024/11/05 18:32:00,AQUA_M-T,Venezuela,Apure,Pedro Camejo,,0,0.05,0.12,6.94026,-67.93739,14.1
2024/11/05 18:32:00,AQUA_M-T,Venezuela,Guárico,El Socorro,,8,8.52,0.51,7.79466,-65.57494,3.9
2024/11/05 18:32:00,AQUA_M-T,Venezuela,Bolívar,Cedeño,,9,6.22,0.71,7.75984,-65.56295,17.1
2024/11/05 18:32:00,AQUA_M-T,Venezuela,Bolívar,Cedeño,,5,8.21,0.32,7.67887,-65.42728,52.2
2024/11/05 18:32:00,AQUA_M-T,Venezuela,Bolívar,Padre Pedro Chien,,5,1.47,0.19,7.87827,-61.64394,6.1
2024/11/05 18:32:00,AQUA_M-T,Venezuela,Portuguesa,Guanarito,,0,2.0,0.57,8.50014,-68.65877,10.8
2024/11/05 18:32:00,AQUA_M-T,Venezuela,Bolívar,Roscio,,10,0.0,0.8,7.54018,-61.53525,8.9
2024/11/05 18:32:00,AQUA_M-T,Venezuela,Bolívar,Roscio,,7,0.0,1.0,7.60709,-61.65329,17.5
2024/11/05 18:32:00,AQUA_M-T,Venezuela,Bolívar,Padre Pedro Chien,,5,1.52,0.19,7.86895,-61.64261,179.7
2024/11/05 18:32:00,AQUA_M-T,Venezuela,Bolívar,Cedeño,,5,6.59,0.53,7.75242,-65.42472,25.8
2024/11/05 18:32:00,AQUA_M-T,Venezuela,Bolívar,Cedeño,,5,7.87,0.35,7.68799,-65.42868,23.3
2024/11/05 18:32:00,AQUA_M-T,Venezuela,Apure,Pedro Camejo,,2,2.08,0.0,6.43791,-68.28461,12.9
2024/11/05 18:32:00,AQUA_M-T,Colombia,Vichada,Santa Rita,,0,0.2,0.0,4.68141,-68.53176,16.8
2024/11/05 18:32:00,AQUA_M-T,Venezuela,Guárico,Miranda,,1,4.1,0.96,8.60724,-67.02784,6.5
2024/11/05 18:32:00,AQUA_M-T,Venezuela,Bolívar,Gran Sabana,,1,4.11,0.1,5.16499,-61.38546,9.4
2024/11/05 18:32:00,AQUA_M-T,Venezuela,Bolívar,Cedeño,,5,6.84,0.45,7.69429,-65.44919,24.7
2024/11/05 18:32:00,AQUA_M-T,Venezuela,Distrito Capital,Libertador,,-999,25.44,-999.0,10.52379,-66.93425,7.1
2024/11/05 18:32:00,AQUA_M-T,Venezuela,Bolívar,El Callao,,12,0.0,0.52,7.03026,-61.56687,7.7
2024/11/05 18:32:00,AQUA_M-T,Venezuela,Bolívar,Roscio,,7,0.0,1.0,7.59929,-61.65565,14.4
2024/11/05 18:32:00,AQUA_M-T,Venezuela,Bolívar,Gran Sabana,,2,1.58,0.25,4.99283,-61.29896,5.4
2024/11/05 18:32:00,AQUA_M-T,Venezuela,Bolívar,Cedeño,,5,6.45,0.52,7.71164,-65.44772,15.6
2024/11/05 18:32:00,AQUA_M-T,Venezuela,Apure,Pedro Camejo,,0,0.0,0.2,7.17202,-67.48905,15.9
2024/11/05 18:32:00,AQUA_M-T,Venezuela,Guárico,Miranda,,1,7.25,0.44,8.3626,-66.7563,70.9
2024/11/05 18:32:00,AQUA_M-T,Venezuela,Guárico,Mellado,,6,9.51,0.15,9.20825,-67.13145,9.4
2024/11/05 18:32:00,AQUA_M-T,Venezuela,Apure,Pedro Camejo,,2,2.06,0.0,6.43798,-68.2778,8.7
2024/11/05 18:32:00,AQUA_M-T,Venezuela,Portuguesa,Turén,,0,0.21,0.19,9.22398,-68.96716,13.2
2024/11/05 18:32:00,AQUA_M-T,Venezuela,Apure,Rómulo Gallegos,,0,0.0,0.0,6.40478,-69.36645,12.6
2024/11/05 18:32:00,AQUA_M-T,Venezuela,Bolívar,Piar,,13,0.0,1.0,7.16837,-62.1545,6.0
2024/11/05 18:32:00,AQUA_M-T,Venezuela,Portuguesa,Esteller,,0,0.44,0.07,9.08049,-69.14167,16.6
2024/11/05 18:32:00,AQUA_M-T,Venezuela,Apure,Pedro Camejo,,0,0.13,0.18,7.04928,-68.06574,14.3
2024/11/05 18:32:00,AQUA_M-T,Venezuela,Carabobo,Carlos Arevalo,,1,12.1,0.0,9.96399,-67.60918,4.9
2024/11/05 18:32:00,AQUA_M-T,Venezuela,Apure,Achaguas,,0,1.57,0.01,6.61851,-68.08145,54.1
2024/11/05 18:32:00,AQUA_M-T,Venezuela,Bolívar,Cedeño,,5,6.22,0.58,7.751,-65.43424,32.7
2024/11/05 18:32:00,AQUA_M-T,Colombia,Vichada,Cumaribo,,0,0.2,0.0,5.04507,-69.15253,20.6
2024/11/05 18:32:00,AQUA_M-T,Venezuela,Bolívar,Roscio,,12,0.0,0.42,7.30613,-61.95817,14.9
2024/11/05 18:32:00,AQUA_M-T,Venezuela,Apure,Pedro Camejo,,0,0.3,0.02,6.34274,-67.79289,15.0
2024/11/05 18:32:00,AQUA_M-T,Venezuela,Bolívar,Cedeño,,9,6.53,0.67,7.76127,-65.55332,69.5
2024/11/05 18:32:00,AQUA_M-T,Venezuela,Portuguesa,Santa Rosalía,,0,0.21,0.16,9.23279,-68.98398,20.8
2024/11/05 18:32:00,AQUA_M-T,Venezuela,Apure,Achaguas,,0,1.25,0.0,6.63315,-68.43461,12.4
2024/11/05 18:32:00,AQUA_M-T,Venezuela,Portuguesa,Turén,,0,0.3,0.3,9.30151,-68.85041,14.1
2024/11/05 18:32:00,AQUA_M-T,Venezuela,Apure,Pedro Camejo,,0,0.0,0.21,7.18242,-67.49071,27.1
2024/11/05 18:32:00,AQUA_M-T,Venezuela,Guárico,Miranda,,0,5.21,0.43,8.49552,-67.15585,13.2
2024/11/05 18:32:00,AQUA_M-T,Venezuela,Aragua,Zamora,,1,6.15,0.03,10.14135,-67.52682,7.5
2024/11/05 18:32:00,AQUA_M-T,Venezuela,Bolívar,Padre Pedro Chien,,5,1.65,0.18,7.86752,-61.6526,44.9
2024/11/05 18:32:00,AQUA_M-T,Venezuela,Bolívar,Piar,,14,0.0,1.0,7.47389,-62.20729,4.2
2024/11/05 18:32:00,AQUA_M-T,Venezuela,Guárico,Miranda,,0,3.28,0.38,8.72226,-67.60931,11.5
2024/11/05 18:32:00,AQUA_M-T,Venezuela,Bolívar,Cedeño,,5,7.52,0.38,7.68658,-65.43822,89.0
2024/11/05 18:32:00,AQUA_M-T,Colombia,Meta,San Martín,,0,0.4,0.0,3.44884,-72.81866,70.8
2024/11/05 18:32:00,AQUA_M-T,Venezuela,Portuguesa,Turén,,0,0.2,0.82,9.10341,-68.70968,15.3
2024/11/05 18:32:00,AQUA_M-T,Venezuela,Apure,Rómulo Gallegos,,0,0.28,0.0,6.24698,-69.54208,26.0
2024/11/05 19:57:00,AQUA_M-T,Argentina,Mendoza,General Alvear,,0,0.0,1.0,-35.46333,-67.34578,93.4
2024/11/05 19:57:00,AQUA_M-T,Argentina,Mendoza,General Alvear,,0,0.0,1.0,-35.44829,-67.35141,30.0
2024/11/05 19:59:00,AQUA_M-T,Argentina,Mendoza,General Alvear,,0,0.0,1.0,-35.45275,-67.35776,53.4
2024/11/05 19:59:00,AQUA_M-T,Chile,Coquimbo,Choapa,,22,0.0,0.89,-31.98509,-71.4335,54.3
2024/11/05 19:59:00,AQUA_M-T,Chile,Maule,Linares,,0,0.05,0.52,-35.96916,-71.0447,18.3
2024/11/05 20:06:00,AQUA_M-T,Ecuador,Bolivar,Guaranda,,0,10.4,0.0,-1.56069,-78.91232,68.3
2024/11/05 20:06:00,AQUA_M-T,Ecuador,Bolivar,Guaranda,,1,6.94,0.0,-1.20592,-79.02197,76.7
2024/11/05 20:06:00,AQUA_M-T,Ecuador,Bolivar,Guaranda,,0,10.41,0.0,-1.58818,-78.90495,52.8
2024/11/05 20:08:00,AQUA_M-T,Ecuador,Manabi,Sucre,,0,0.0,0.06,-0.16057,-80.22588,24.1
